[
  {
    "dob": "0000-01-01T00:01:15.000Z",
    "dobrange": "1953-12-05T00:00:00.000Z",
    "totalmonth": 720,
    "pensionyears": 65,
    "pensionmonth": 0,
    "rule": "calculated",
    "gender": "men"
  },
  {
    "dob": "0000-01-01T00:01:15.000Z",
    "dobrange": "1950-04-05T00:00:00.000Z",
    "totalmonth": 720,
    "pensionyears": 60,
    "pensionmonth": 0,
    "rule": "calculated",
    "gender": "women"
  },
  {
    "dob": "1950-04-06T00:00:00.000Z",
    "dobrange": "1950-05-04T23:00:00.000Z",
    "pensiondate": "2010-05-05T23:00:00.000Z",
    "totalmonth": 721,
    "pensionyears": 60,
    "pensionmonth": 1,
    "rule": "fixed_date",
    "gender": "women"
  },
  {
    "dob": "1950-05-05T23:00:00.000Z",
    "dobrange": "1950-06-04T23:00:00.000Z",
    "pensiondate": "2010-07-05T23:00:00.000Z",
    "totalmonth": 722,
    "pensionyears": 60,
    "pensionmonth": 2,
    "rule": "fixed_date",
    "gender": "women"
  },
  {
    "dob": "1950-06-05T23:00:00.000Z",
    "dobrange": "1950-07-04T23:00:00.000Z",
    "pensiondate": "2010-09-05T23:00:00.000Z",
    "totalmonth": 723,
    "pensionyears": 60,
    "pensionmonth": 3,
    "rule": "fixed_date",
    "gender": "women"
  },
  {
    "dob": "1950-07-05T23:00:00.000Z",
    "dobrange": "1950-08-04T23:00:00.000Z",
    "pensiondate": "2010-11-06T00:00:00.000Z",
    "totalmonth": 724,
    "pensionyears": 60,
    "pensionmonth": 4,
    "rule": "fixed_date",
    "gender": "women"
  },
  {
    "dob": "1950-08-05T23:00:00.000Z",
    "dobrange": "1950-09-04T23:00:00.000Z",
    "pensiondate": "2011-01-06T00:00:00.000Z",
    "totalmonth": 725,
    "pensionyears": 60,
    "pensionmonth": 5,
    "rule": "fixed_date",
    "gender": "women"
  },
  {
    "dob": "1950-09-05T23:00:00.000Z",
    "dobrange": "1950-10-04T23:00:00.000Z",
    "pensiondate": "2011-03-06T00:00:00.000Z",
    "totalmonth": 726,
    "pensionyears": 60,
    "pensionmonth": 6,
    "rule": "fixed_date",
    "gender": "women"
  },
  {
    "dob": "1950-10-05T23:00:00.000Z",
    "dobrange": "1950-11-05T00:00:00.000Z",
    "pensiondate": "2011-05-05T23:00:00.000Z",
    "totalmonth": 727,
    "pensionyears": 60,
    "pensionmonth": 7,
    "rule": "fixed_date",
    "gender": "women"
  },
  {
    "dob": "1950-11-06T00:00:00.000Z",
    "dobrange": "1950-12-05T00:00:00.000Z",
    "pensiondate": "2011-07-05T23:00:00.000Z",
    "totalmonth": 728,
    "pensionyears": 60,
    "pensionmonth": 8,
    "rule": "fixed_date",
    "gender": "women"
  },
  {
    "dob": "1950-12-06T00:00:00.000Z",
    "dobrange": "1951-01-05T00:00:00.000Z",
    "pensiondate": "2011-09-05T23:00:00.000Z",
    "totalmonth": 729,
    "pensionyears": 60,
    "pensionmonth": 9,
    "rule": "fixed_date",
    "gender": "women"
  },
  {
    "dob": "1951-01-06T00:00:00.000Z",
    "dobrange": "1951-02-05T00:00:00.000Z",
    "pensiondate": "2011-11-06T00:00:00.000Z",
    "totalmonth": 730,
    "pensionyears": 60,
    "pensionmonth": 10,
    "rule": "fixed_date",
    "gender": "women"
  },
  {
    "dob": "1951-02-06T00:00:00.000Z",
    "dobrange": "1951-03-05T00:00:00.000Z",
    "pensiondate": "2012-01-06T00:00:00.000Z",
    "totalmonth": 731,
    "pensionyears": 60,
    "pensionmonth": 11,
    "rule": "fixed_date",
    "gender": "women"
  },
  {
    "dob": "1951-03-06T00:00:00.000Z",
    "dobrange": "1951-04-05T00:00:00.000Z",
    "pensiondate": "2012-03-06T00:00:00.000Z",
    "totalmonth": 732,
    "pensionyears": 61,
    "pensionmonth": 0,
    "rule": "fixed_date",
    "gender": "women"
  },
  {
    "dob": "1951-04-06T00:00:00.000Z",
    "dobrange": "1951-05-04T23:00:00.000Z",
    "pensiondate": "2012-05-05T23:00:00.000Z",
    "totalmonth": 733,
    "pensionyears": 61,
    "pensionmonth": 1,
    "rule": "fixed_date",
    "gender": "women"
  },
  {
    "dob": "1951-05-05T23:00:00.000Z",
    "dobrange": "1951-06-04T23:00:00.000Z",
    "pensiondate": "2012-07-05T23:00:00.000Z",
    "totalmonth": 734,
    "pensionyears": 61,
    "pensionmonth": 2,
    "rule": "fixed_date",
    "gender": "women"
  },
  {
    "dob": "1951-06-05T23:00:00.000Z",
    "dobrange": "1951-07-04T23:00:00.000Z",
    "pensiondate": "2012-09-05T23:00:00.000Z",
    "totalmonth": 735,
    "pensionyears": 61,
    "pensionmonth": 3,
    "rule": "fixed_date",
    "gender": "women"
  },
  {
    "dob": "1951-07-05T23:00:00.000Z",
    "dobrange": "1951-08-04T23:00:00.000Z",
    "pensiondate": "2012-11-06T00:00:00.000Z",
    "totalmonth": 736,
    "pensionyears": 61,
    "pensionmonth": 4,
    "rule": "fixed_date",
    "gender": "women"
  },
  {
    "dob": "1951-08-05T23:00:00.000Z",
    "dobrange": "1951-09-04T23:00:00.000Z",
    "pensiondate": "2013-01-06T00:00:00.000Z",
    "totalmonth": 737,
    "pensionyears": 61,
    "pensionmonth": 5,
    "rule": "fixed_date",
    "gender": "women"
  },
  {
    "dob": "1951-09-05T23:00:00.000Z",
    "dobrange": "1951-10-04T23:00:00.000Z",
    "pensiondate": "2013-03-06T00:00:00.000Z",
    "totalmonth": 738,
    "pensionyears": 61,
    "pensionmonth": 6,
    "rule": "fixed_date",
    "gender": "women"
  },
  {
    "dob": "1951-10-05T23:00:00.000Z",
    "dobrange": "1951-11-05T00:00:00.000Z",
    "pensiondate": "2013-05-05T23:00:00.000Z",
    "totalmonth": 739,
    "pensionyears": 61,
    "pensionmonth": 7,
    "rule": "fixed_date",
    "gender": "women"
  },
  {
    "dob": "1951-11-06T00:00:00.000Z",
    "dobrange": "1951-12-05T00:00:00.000Z",
    "pensiondate": "2013-07-05T23:00:00.000Z",
    "totalmonth": 740,
    "pensionyears": 61,
    "pensionmonth": 8,
    "rule": "fixed_date",
    "gender": "women"
  },
  {
    "dob": "1951-12-06T00:00:00.000Z",
    "dobrange": "1952-01-05T00:00:00.000Z",
    "pensiondate": "2013-09-05T23:00:00.000Z",
    "totalmonth": 741,
    "pensionyears": 61,
    "pensionmonth": 9,
    "rule": "fixed_date",
    "gender": "women"
  },
  {
    "dob": "1952-01-06T00:00:00.000Z",
    "dobrange": "1952-02-05T00:00:00.000Z",
    "pensiondate": "2013-11-06T00:00:00.000Z",
    "totalmonth": 742,
    "pensionyears": 61,
    "pensionmonth": 10,
    "rule": "fixed_date",
    "gender": "women"
  },
  {
    "dob": "1952-02-06T00:00:00.000Z",
    "dobrange": "1952-03-05T00:00:00.000Z",
    "pensiondate": "2014-01-06T00:00:00.000Z",
    "totalmonth": 743,
    "pensionyears": 61,
    "pensionmonth": 11,
    "rule": "fixed_date",
    "gender": "women"
  },
  {
    "dob": "1952-03-06T00:00:00.000Z",
    "dobrange": "1952-04-05T00:00:00.000Z",
    "pensiondate": "2014-03-06T00:00:00.000Z",
    "totalmonth": 744,
    "pensionyears": 62,
    "pensionmonth": 0,
    "rule": "fixed_date",
    "gender": "women"
  },
  {
    "dob": "1952-04-06T00:00:00.000Z",
    "dobrange": "1952-05-04T23:00:00.000Z",
    "pensiondate": "2014-05-05T23:00:00.000Z",
    "totalmonth": 745,
    "pensionyears": 62,
    "pensionmonth": 1,
    "rule": "fixed_date",
    "gender": "women"
  },
  {
    "dob": "1952-05-05T23:00:00.000Z",
    "dobrange": "1952-06-04T23:00:00.000Z",
    "pensiondate": "2014-07-05T23:00:00.000Z",
    "totalmonth": 746,
    "pensionyears": 62,
    "pensionmonth": 2,
    "rule": "fixed_date",
    "gender": "women"
  },
  {
    "dob": "1952-06-05T23:00:00.000Z",
    "dobrange": "1952-07-04T23:00:00.000Z",
    "pensiondate": "2014-09-05T23:00:00.000Z",
    "totalmonth": 747,
    "pensionyears": 62,
    "pensionmonth": 3,
    "rule": "fixed_date",
    "gender": "women"
  },
  {
    "dob": "1952-07-05T23:00:00.000Z",
    "dobrange": "1952-08-04T23:00:00.000Z",
    "pensiondate": "2014-11-06T00:00:00.000Z",
    "totalmonth": 748,
    "pensionyears": 62,
    "pensionmonth": 4,
    "rule": "fixed_date",
    "gender": "women"
  },
  {
    "dob": "1952-08-05T23:00:00.000Z",
    "dobrange": "1952-09-04T23:00:00.000Z",
    "pensiondate": "2015-01-06T00:00:00.000Z",
    "totalmonth": 749,
    "pensionyears": 62,
    "pensionmonth": 5,
    "rule": "fixed_date",
    "gender": "women"
  },
  {
    "dob": "1952-09-05T23:00:00.000Z",
    "dobrange": "1952-10-04T23:00:00.000Z",
    "pensiondate": "2015-03-06T00:00:00.000Z",
    "totalmonth": 750,
    "pensionyears": 62,
    "pensionmonth": 6,
    "rule": "fixed_date",
    "gender": "women"
  },
  {
    "dob": "1952-10-05T23:00:00.000Z",
    "dobrange": "1952-11-05T00:00:00.000Z",
    "pensiondate": "2015-05-05T23:00:00.000Z",
    "totalmonth": 751,
    "pensionyears": 62,
    "pensionmonth": 7,
    "rule": "fixed_date",
    "gender": "women"
  },
  {
    "dob": "1952-11-06T00:00:00.000Z",
    "dobrange": "1952-12-05T00:00:00.000Z",
    "pensiondate": "2015-07-05T23:00:00.000Z",
    "totalmonth": 752,
    "pensionyears": 62,
    "pensionmonth": 8,
    "rule": "fixed_date",
    "gender": "women"
  },
  {
    "dob": "1952-12-06T00:00:00.000Z",
    "dobrange": "1953-01-05T00:00:00.000Z",
    "pensiondate": "2015-09-05T23:00:00.000Z",
    "totalmonth": 753,
    "pensionyears": 62,
    "pensionmonth": 9,
    "rule": "fixed_date",
    "gender": "women"
  },
  {
    "dob": "1953-01-06T00:00:00.000Z",
    "dobrange": "1953-02-05T00:00:00.000Z",
    "pensiondate": "2015-11-06T00:00:00.000Z",
    "totalmonth": 754,
    "pensionyears": 62,
    "pensionmonth": 10,
    "rule": "fixed_date",
    "gender": "women"
  },
  {
    "dob": "1953-02-06T00:00:00.000Z",
    "dobrange": "1953-03-05T00:00:00.000Z",
    "pensiondate": "2016-01-06T00:00:00.000Z",
    "totalmonth": 755,
    "pensionyears": 62,
    "pensionmonth": 11,
    "rule": "fixed_date",
    "gender": "women"
  },
  {
    "dob": "1953-03-06T00:00:00.000Z",
    "dobrange": "1953-04-05T00:00:00.000Z",
    "pensiondate": "2016-03-06T00:00:00.000Z",
    "totalmonth": 756,
    "pensionyears": 63,
    "pensionmonth": 0,
    "rule": "fixed_date",
    "gender": "women"
  },
  {
    "dob": "1953-04-06T00:00:00.000Z",
    "dobrange": "1953-05-04T23:00:00.000Z",
    "pensiondate": "2016-07-05T23:00:00.000Z",
    "totalmonth": 759,
    "pensionyears": 63,
    "pensionmonth": 3,
    "rule": "fixed_date",
    "gender": "women"
  },
  {
    "dob": "1953-05-05T23:00:00.000Z",
    "dobrange": "1953-06-04T23:00:00.000Z",
    "pensiondate": "2016-11-06T00:00:00.000Z",
    "totalmonth": 762,
    "pensionyears": 63,
    "pensionmonth": 6,
    "rule": "fixed_date",
    "gender": "women"
  },
  {
    "dob": "1953-06-05T23:00:00.000Z",
    "dobrange": "1953-07-04T23:00:00.000Z",
    "pensiondate": "2017-03-06T00:00:00.000Z",
    "totalmonth": 765,
    "pensionyears": 63,
    "pensionmonth": 9,
    "rule": "fixed_date",
    "gender": "women"
  },
  {
    "dob": "1953-07-05T23:00:00.000Z",
    "dobrange": "1953-08-04T23:00:00.000Z",
    "pensiondate": "2017-07-05T23:00:00.000Z",
    "totalmonth": 768,
    "pensionyears": 64,
    "pensionmonth": 0,
    "rule": "fixed_date",
    "gender": "women"
  },
  {
    "dob": "1953-08-05T23:00:00.000Z",
    "dobrange": "1953-09-04T23:00:00.000Z",
    "pensiondate": "2017-11-06T00:00:00.000Z",
    "totalmonth": 771,
    "pensionyears": 64,
    "pensionmonth": 3,
    "rule": "fixed_date",
    "gender": "women"
  },
  {
    "dob": "1953-09-05T23:00:00.000Z",
    "dobrange": "1953-10-05T00:00:00.000Z",
    "pensiondate": "2018-03-06T00:00:00.000Z",
    "totalmonth": 774,
    "pensionyears": 64,
    "pensionmonth": 6,
    "rule": "fixed_date",
    "gender": "women"
  },
  {
    "dob": "1953-10-06T00:00:00.000Z",
    "dobrange": "1953-11-05T00:00:00.000Z",
    "pensiondate": "2018-07-05T23:00:00.000Z",
    "totalmonth": 777,
    "pensionyears": 64,
    "pensionmonth": 9,
    "rule": "fixed_date",
    "gender": "women"
  },
  {
    "dob": "1953-11-06T00:00:00.000Z",
    "dobrange": "1953-12-05T00:00:00.000Z",
    "pensiondate": "2018-11-06T00:00:00.000Z",
    "totalmonth": 780,
    "pensionyears": 65,
    "pensionmonth": 0,
    "rule": "fixed_date",
    "gender": "women"
  },
  {
    "dob": "1953-12-06T00:00:00.000Z",
    "dobrange": "1954-01-05T00:00:00.000Z",
    "pensiondate": "2019-03-06T00:00:00.000Z",
    "totalmonth": 783,
    "pensionyears": 65,
    "pensionmonth": 3,
    "rule": "fixed_date",
    "gender": "unisex"
  },
  {
    "dob": "1954-01-06T00:00:00.000Z",
    "dobrange": "1954-02-05T00:00:00.000Z",
    "pensiondate": "2019-05-05T23:00:00.000Z",
    "totalmonth": 784,
    "pensionyears": 65,
    "pensionmonth": 4,
    "rule": "fixed_date",
    "gender": "unisex"
  },
  {
    "dob": "1954-02-06T00:00:00.000Z",
    "dobrange": "1954-03-05T00:00:00.000Z",
    "pensiondate": "2019-07-05T23:00:00.000Z",
    "totalmonth": 785,
    "pensionyears": 65,
    "pensionmonth": 5,
    "rule": "fixed_date",
    "gender": "unisex"
  },
  {
    "dob": "1954-03-06T00:00:00.000Z",
    "dobrange": "1954-04-05T00:00:00.000Z",
    "pensiondate": "2019-09-05T23:00:00.000Z",
    "totalmonth": 786,
    "pensionyears": 65,
    "pensionmonth": 6,
    "rule": "fixed_date",
    "gender": "unisex"
  },
  {
    "dob": "1954-04-06T00:00:00.000Z",
    "dobrange": "1954-05-04T23:00:00.000Z",
    "pensiondate": "2019-11-06T00:00:00.000Z",
    "totalmonth": 787,
    "pensionyears": 65,
    "pensionmonth": 7,
    "rule": "fixed_date",
    "gender": "unisex"
  },
  {
    "dob": "1954-05-05T23:00:00.000Z",
    "dobrange": "1954-06-04T23:00:00.000Z",
    "pensiondate": "2020-01-06T00:00:00.000Z",
    "totalmonth": 788,
    "pensionyears": 65,
    "pensionmonth": 8,
    "rule": "fixed_date",
    "gender": "unisex"
  },
  {
    "dob": "1954-06-05T23:00:00.000Z",
    "dobrange": "1954-07-04T23:00:00.000Z",
    "pensiondate": "2020-03-06T00:00:00.000Z",
    "totalmonth": 789,
    "pensionyears": 65,
    "pensionmonth": 9,
    "rule": "fixed_date",
    "gender": "unisex"
  },
  {
    "dob": "1954-07-05T23:00:00.000Z",
    "dobrange": "1954-08-04T23:00:00.000Z",
    "pensiondate": "2020-05-05T23:00:00.000Z",
    "totalmonth": 790,
    "pensionyears": 65,
    "pensionmonth": 10,
    "rule": "fixed_date",
    "gender": "unisex"
  },
  {
    "dob": "1954-08-05T23:00:00.000Z",
    "dobrange": "1954-09-04T23:00:00.000Z",
    "pensiondate": "2020-07-05T23:00:00.000Z",
    "totalmonth": 791,
    "pensionyears": 65,
    "pensionmonth": 11,
    "rule": "fixed_date",
    "gender": "unisex"
  },
  {
    "dob": "1954-09-05T23:00:00.000Z",
    "dobrange": "1954-10-05T00:00:00.000Z",
    "pensiondate": "2020-09-05T23:00:00.000Z",
    "totalmonth": 792,
    "pensionyears": 66,
    "pensionmonth": 0,
    "rule": "fixed_date",
    "gender": "unisex"
  },
  {
    "dob": "1954-10-06T00:00:00.000Z",
    "dobrange": "1960-04-05T00:00:00.000Z",
    "totalmonth": 792,
    "pensionyears": 66,
    "pensionmonth": 0,
    "rule": "calculated",
    "gender": "unisex"
  },
  {
    "dob": "1960-04-06T00:00:00.000Z",
    "dobrange": "1960-05-04T23:00:00.000Z",
    "totalmonth": 793,
    "pensionyears": 66,
    "pensionmonth": 1,
    "rule": "calculated",
    "gender": "unisex"
  },
  {
    "dob": "1960-05-05T23:00:00.000Z",
    "dobrange": "1960-06-04T23:00:00.000Z",
    "totalmonth": 794,
    "pensionyears": 66,
    "pensionmonth": 2,
    "rule": "calculated",
    "gender": "unisex"
  },
  {
    "dob": "1960-06-05T23:00:00.000Z",
    "dobrange": "1960-07-04T23:00:00.000Z",
    "totalmonth": 795,
    "pensionyears": 66,
    "pensionmonth": 3,
    "rule": "calculated",
    "gender": "unisex"
  },
  {
    "dob": "1960-07-05T23:00:00.000Z",
    "dobrange": "1960-08-04T23:00:00.000Z",
    "totalmonth": 796,
    "pensionyears": 66,
    "pensionmonth": 4,
    "rule": "calculated",
    "gender": "unisex"
  },
  {
    "dob": "1960-08-05T23:00:00.000Z",
    "dobrange": "1960-09-04T23:00:00.000Z",
    "totalmonth": 797,
    "pensionyears": 66,
    "pensionmonth": 5,
    "rule": "calculated",
    "gender": "unisex"
  },
  {
    "dob": "1960-09-05T23:00:00.000Z",
    "dobrange": "1960-10-05T00:00:00.000Z",
    "totalmonth": 798,
    "pensionyears": 66,
    "pensionmonth": 6,
    "rule": "calculated",
    "gender": "unisex"
  },
  {
    "dob": "1960-10-06T00:00:00.000Z",
    "dobrange": "1960-11-05T00:00:00.000Z",
    "totalmonth": 799,
    "pensionyears": 66,
    "pensionmonth": 7,
    "rule": "calculated",
    "gender": "unisex"
  },
  {
    "dob": "1960-11-06T00:00:00.000Z",
    "dobrange": "1960-12-05T00:00:00.000Z",
    "totalmonth": 800,
    "pensionyears": 66,
    "pensionmonth": 8,
    "rule": "calculated",
    "gender": "unisex"
  },
  {
    "dob": "1960-12-06T00:00:00.000Z",
    "dobrange": "1961-01-05T00:00:00.000Z",
    "totalmonth": 801,
    "pensionyears": 66,
    "pensionmonth": 9,
    "rule": "calculated",
    "gender": "unisex"
  },
  {
    "dob": "1961-01-06T00:00:00.000Z",
    "dobrange": "1961-02-05T00:00:00.000Z",
    "totalmonth": 802,
    "pensionyears": 66,
    "pensionmonth": 10,
    "rule": "calculated",
    "gender": "unisex"
  },
  {
    "dob": "1961-02-06T00:00:00.000Z",
    "dobrange": "1961-03-05T00:00:00.000Z",
    "totalmonth": 803,
    "pensionyears": 66,
    "pensionmonth": 11,
    "rule": "calculated",
    "gender": "unisex"
  },
  {
    "dob": "1961-03-06T00:00:00.000Z",
    "dobrange": "1977-04-04T23:00:00.000Z",
    "totalmonth": 804,
    "pensionyears": 67,
    "pensionmonth": 0,
    "rule": "calculated",
    "gender": "unisex"
  },
  {
    "dob": "1977-04-05T23:00:00.000Z",
    "dobrange": "1977-05-04T23:00:00.000Z",
    "totalmonth": 805,
    "pensionyears": 67,
    "pensionmonth": 1,
    "rule": "calculated",
    "gender": "unisex"
  },
  {
    "dob": "1977-05-05T23:00:00.000Z",
    "dobrange": "1977-06-04T23:00:00.000Z",
    "totalmonth": 806,
    "pensionyears": 67,
    "pensionmonth": 2,
    "rule": "calculated",
    "gender": "unisex"
  },
  {
    "dob": "1977-06-05T23:00:00.000Z",
    "dobrange": "1977-07-04T23:00:00.000Z",
    "totalmonth": 807,
    "pensionyears": 67,
    "pensionmonth": 3,
    "rule": "calculated",
    "gender": "unisex"
  },
  {
    "dob": "1977-07-05T23:00:00.000Z",
    "dobrange": "1977-08-04T23:00:00.000Z",
    "totalmonth": 808,
    "pensionyears": 67,
    "pensionmonth": 4,
    "rule": "calculated",
    "gender": "unisex"
  },
  {
    "dob": "1977-08-05T23:00:00.000Z",
    "dobrange": "1977-09-04T23:00:00.000Z",
    "totalmonth": 809,
    "pensionyears": 67,
    "pensionmonth": 5,
    "rule": "calculated",
    "gender": "unisex"
  },
  {
    "dob": "1977-09-05T23:00:00.000Z",
    "dobrange": "1977-10-04T23:00:00.000Z",
    "totalmonth": 810,
    "pensionyears": 67,
    "pensionmonth": 6,
    "rule": "calculated",
    "gender": "unisex"
  },
  {
    "dob": "1977-10-05T23:00:00.000Z",
    "dobrange": "1977-11-05T00:00:00.000Z",
    "totalmonth": 811,
    "pensionyears": 67,
    "pensionmonth": 7,
    "rule": "calculated",
    "gender": "unisex"
  },
  {
    "dob": "1977-11-06T00:00:00.000Z",
    "dobrange": "1977-12-05T00:00:00.000Z",
    "totalmonth": 812,
    "pensionyears": 67,
    "pensionmonth": 8,
    "rule": "calculated",
    "gender": "unisex"
  },
  {
    "dob": "1977-12-06T00:00:00.000Z",
    "dobrange": "1978-01-05T00:00:00.000Z",
    "totalmonth": 813,
    "pensionyears": 67,
    "pensionmonth": 9,
    "rule": "calculated",
    "gender": "unisex"
  },
  {
    "dob": "1978-01-06T00:00:00.000Z",
    "dobrange": "1978-02-05T00:00:00.000Z",
    "totalmonth": 814,
    "pensionyears": 67,
    "pensionmonth": 10,
    "rule": "calculated",
    "gender": "unisex"
  },
  {
    "dob": "1978-02-06T00:00:00.000Z",
    "dobrange": "1978-03-05T00:00:00.000Z",
    "totalmonth": 815,
    "pensionyears": 67,
    "pensionmonth": 11,
    "rule": "calculated",
    "gender": "unisex"
  },
  {
    "dob": "1978-03-06T00:00:00.000Z",
    "dobrange": "1978-04-04T23:00:00.000Z",
    "totalmonth": 816,
    "pensionyears": 68,
    "pensionmonth": 0,
    "rule": "calculated",
    "gender": "unisex"
  },
  {
    "dob": "1978-04-05T23:00:00.000Z",
    "dobrange": "3000-12-29T00:00:00.000Z",
    "totalmonth": 816,
    "pensionyears": 68,
    "pensionmonth": 0,
    "rule": "calculated",
    "gender": "unisex"
  }
]